epoch,accuracy,learning_rate,loss,val_accuracy,val_loss
0,0.15186385810375214,9.999999747378752e-06,1.9353199005126953,0.1450892835855484,1.9087092876434326
1,0.125,9.999999747378752e-06,2.0845742225646973,0.10000000149011612,2.038919687271118
2,0.163824662566185,9.999999747378752e-06,1.9093483686447144,0.1950334757566452,1.8680408000946045
3,0.28125,9.999999747378752e-06,1.5146721601486206,0.5,1.841562271118164
4,0.17303064465522766,9.999999747378752e-06,1.8983418941497803,0.1958705335855484,1.8671032190322876
5,0.15625,9.999999747378752e-06,1.5010327100753784,0.4000000059604645,1.8114993572235107
6,0.17589008808135986,9.999999747378752e-06,1.877535104751587,0.2227957546710968,1.8401817083358765
7,0.125,9.999999747378752e-06,2.0429911613464355,0.6000000238418579,1.6998207569122314
